{
  "Ringbaan West": {
    "Longitude": [
      5.054187,
      5.054904,
      5.057045,
      5.060732,
      5.063457,
      5.064564,
      5.065712,
      5.066324
    ],
    "Latitude": [
      51.544796,
      51.546432,
      51.547386,
      51.550611,
      51.554793,
      51.560255,
      51.566187,
      51.575497
    ],
    "Type": "Ringbaan"
  },
  "Ringbaan Noord": {
    "Longitude": [
      5.066324,
      5.073878,
      5.082069,
      5.085706,
      5.088399
    ],
    "Latitude": [
      51.575497,
      51.576322,
      51.576623,
      51.576826,
      51.576066
    ],
    "Type": "Ringbaan"
  },
  "Ringbaan Oost": {
    "Longitude": [
      5.088399,
      5.090759,
      5.092079,
      5.098355,
      5.099664,
      5.100501,
      5.103245,
      5.103771,
      5.104630,
      5.105659,
      5.107945,
      5.109940
    ],
    "Latitude": [
      51.576066,
      51.575153,
      51.574193,
      51.568524,
      51.566924,
      51.565490,
      51.561798,
      51.560811,
      51.557576,
      51.555641,
      51.553153,
      51.551552
    ],
    "Type": "Ringbaan"
  },
  "Ringbaan Zuid": {
    "Longitude": [
      5.109940,
      5.094249,
      5.091391,
      5.088941,
      5.077254,
      5.056381,
      5.054187
    ],
    "Latitude": [
      51.551552,
      51.544332,
      51.543475,
      51.543253,
      51.543983,
      51.543888,
      51.544796
    ],
    "Type": "Ringbaan"
  },
  "Spoorlijn Eindhoven": {
    "Longitude": [
      5.141972, 
	  5.126418,
	  5.109745,
      5.097772,
      5.094798,
	  5.091573,
	  5.077360,
	  5.057006,
      4.968793
    ],
    "Latitude": [
      51.570178, 
	  51.566591,
	  51.562450,
      51.560083,
      51.559876,
	  51.559972,
	  51.561217,
	  51.564106,
      51.577294
    ],
    "Type": "Spoor"
  },
  "Spoorlijn Den Bosch": {
    "Longitude": [
      5.109745,
      5.112147,
      5.113843,
      5.123788,
	  5.135069,
	  5.140512,
	  5.144958,
	  5.148040,
	  5.149092,
	  5.150630,
	  5.152384,
	  5.170896
    ],
    "Latitude": [
      51.562450,
      51.563495,
      51.565054,
      51.577349,
	  51.590507,
	  51.596624,
	  51.601200,
	  51.604358,
	  51.605210,
	  51.606086,
	  51.606815,
	  51.611878
    ],
    "Type": "Spoor"
  }
}